model,parid,rho,tau,beta1,beta2,beta3,beta4,beta5,beta6,nu,gamma,sigma,theta0,alpha,mu,delta,S_0,E_0,I_0,A_0,R_0,pop_0,loglik,loglik.se,m_ess.min,m_ess.max,etime
if0,225,0.8895591659707335,11.616849633820785,7.508903675849913,1.9385043385218712,6.503760869499808,0.8282177453694664,8.021240219532968,0.3007089195982716,0.9402195792211523,3.5,4.999999999999999,0,0.0023972602739726024,4.287148804784646e-4,1.4331703604564272e-4,0.9992894715216354,7.083962123452203e-4,2.132266019427873e-6,0,0,10911819,-2229.283535249444,8.647291562138932,80.81544719623328,81.90958016977538,0.010473453601201376
