model,parid,rho,tau,beta1,beta2,beta3,beta4,beta5,beta6,nu,gamma,sigma,theta0,alpha,mu,delta,S_0,E_0,I_0,A_0,R_0,pop_0,loglik,loglik.se,m_ess.min,m_ess.max
if,231,0.874721380871934,3.922053299676963,4.333951818696666,1.7753644333003176,2.595533503779014,2.2556390369401607,4.278323325434443,2.507791939023252,0.9997789433591271,3.5,4.999999999999999,0,0.0023972602739726024,4.287148804784646e-4,1.4331703604564272e-4,0.880153013332785,9.999999980000006e-10,9.999999980000006e-10,0,0.11984698466721508,11659242,NA,NA,2.0202020202020203,2.0202020202020203
