model,parid,rho,tau,beta1,beta2,beta3,beta4,beta5,beta6,nu,gamma,sigma,theta0,alpha,mu,delta,S_0,E_0,I_0,A_0,R_0,pop_0,loglik,loglik.se,m_ess.min,m_ess.max
if,187,0.5241430490480334,4.726975907809817,0.19600013152396079,6.454708407652215,0.7615033437315065,5.665694557733058,1.3600547701435222,6.662348573784204,0.9944332313696866,3.5,4.999999999999999,0,0.0023972602739726024,4.287148804784646e-4,1.4331703604564272e-4,0.8977844445553259,9.999999980000006e-10,9.999999980000006e-10,0,0.1022155534446742,11658666,NA,NA,2.0202020202020203,2.0202020202020203
