model,parid,rho,tau,beta1,beta2,beta3,beta4,beta5,beta6,nu,gamma,sigma,theta0,alpha,mu,delta,S_0,E_0,I_0,A_0,R_0,pop_0,loglik,loglik.se,m_ess.min,m_ess.max
if,261,0.962472478965745,0.259249868649485,18.59074866411902,0.3666973571590325,0.6422994943848478,52.243439495696336,5.752146606659717,68.88067028520118,0.9999463324316765,3.5,4.999999999999999,0,0.0023972602739726024,4.287148804784646e-4,1.4331703604564272e-4,0.47075716960808595,9.999999980000006e-10,9.999999980000006e-10,0,0.52924282839191406,11659183,NA,NA,2.0202020202020203,2.0202020202020203
