model,parid,rho,tau,beta1,beta2,beta3,beta4,beta5,beta6,nu,gamma,sigma,theta0,alpha,mu,delta,S_0,E_0,I_0,A_0,R_0,pop_0,loglik,loglik.se,m_ess.min,m_ess.max
if,264,0.884438992330239,5.911392850768531,5.209092444102288,2.624527925643833,2.662849257192997,2.7372046377558568,4.168378758391162,1.8919195041713686,0.9973071301002199,3.5,4.999999999999999,0,0.0023972602739726024,4.287148804784646e-4,1.4331703604564272e-4,0.9399208650957206,9.999999980000006e-10,9.999999980000006e-10,0,0.06007913290427941,11658091,NA,NA,2.0202020202020203,2.0202020202020203
