model,parid,rho,tau,beta1,beta2,beta3,beta4,beta5,beta6,nu,gamma,sigma,theta0,alpha,mu,delta,S_0,E_0,I_0,A_0,R_0,pop_0,loglik,loglik.se,m_ess.min,m_ess.max
if,258,0.6390031919040106,14.795694891789744,6.300762511926972,0.6415185835505405,5.270499327144268,1.2100294966408205,5.6053992997326025,0.24981116782670776,0.9985833045514683,3.5,4.999999999999999,0,0.0023972602739726024,4.287148804784646e-4,1.4331703604564272e-4,0.8686583446580912,9.999999980000006e-10,9.999999980000006e-10,0,0.1313416533419089,11658434,NA,NA,2.0202020202020203,2.0202020202020203
