model,parid,rho,tau,beta1,beta2,beta3,beta4,beta5,beta6,nu,gamma,sigma,theta0,alpha,mu,delta,S_0,E_0,I_0,A_0,R_0,pop_0,loglik,loglik.se,m_ess.min,m_ess.max
if,263,0.7660677220286591,10.16276579876208,4.570833842922938,0.553767289504655,5.810725374533583,0.6956068347188613,4.585846022704373,0.17573748878823375,0.9957573309296572,3.5,4.999999999999999,0,0.0023972602739726024,4.287148804784646e-4,1.4331703604564272e-4,0.9292561544388208,9.999999980000006e-10,9.999999980000006e-10,0,0.07074384356117928,11658753,NA,NA,2.0202020202020203,2.0202020202020203
