model,parid,rho,tau,beta1,beta2,beta3,beta4,beta5,beta6,nu,gamma,sigma,theta0,alpha,mu,delta,S_0,E_0,I_0,A_0,R_0,pop_0,loglik,loglik.se,m_ess.min,m_ess.max
if,60,0.9535759648292391,15.262382802392144,3.601359087847864,2.615793941566834,2.674080087839517,1.8885317488590943,2.574845787344191,2.2982884955396976,0.999620813611957,3.5,4.999999999999999,0,0.0023972602739726024,4.287148804784646e-4,1.4331703604564272e-4,0.90457700556543,9.999999980000006e-10,9.999999980000006e-10,0,0.0954229924345701,11659234,NA,NA,2.0202020202020203,2.0202020202020203
