model,parid,rho,tau,beta1,beta2,beta3,beta4,beta5,beta6,nu,gamma,sigma,theta0,alpha,mu,delta,S_0,E_0,I_0,A_0,R_0,pop_0,loglik,loglik.se,m_ess.min,m_ess.max
if,220,0.8972666465732738,17.144508305940004,6.250475291568826,0.17901491404454542,3.669661754095036,0.5240276255949913,5.571542019270247,0.020522074313474845,0.9999159253788922,3.5,4.999999999999999,0,0.0023972602739726024,4.287148804784646e-4,1.4331703604564272e-4,0.8383424888846144,9.999999980000006e-10,9.999999980000006e-10,0,0.16165750911538573,11658914,NA,NA,2.0202020202020203,2.0202020202020203
