model,parid,rho,tau,beta1,beta2,beta3,beta4,beta5,beta6,nu,gamma,sigma,theta0,alpha,mu,delta,S_0,E_0,I_0,A_0,R_0,pop_0,loglik,loglik.se,m_ess.min,m_ess.max
if,73,0.9712753940712735,0.11613524856204566,0.5198316623974735,4.207214091827541,9.957750762723105,0.01123347942645302,8.398244143155187,20.97239339226874,0.99951139435983,3.5,4.999999999999999,0,0.0023972602739726024,4.287148804784646e-4,1.4331703604564272e-4,0.5596341988928942,9.999999980000006e-10,9.999999980000006e-10,0,0.4403657991071058,11658721,NA,NA,2.0202020202020203,2.0202020202020203
