model,parid,rho_epi,tau_epi,beta1_joint,beta2_joint,beta3_joint,beta4_joint,beta5_joint,beta6_joint,nu,gamma,sigma,theta0,alpha,mu,delta,sig_sq_epi,kappa,S_0,E_0,I_0,A_0,R_0,pop_0,rho_end,tau_end,sig_sq_end,epi_loglik,epi_loglik.se,end_loglik,end_loglik.se,full_loglik,full_loglik.se
if,374,0.269783078135147,770.2435671549144,3.6749861266717065,3.1559947085744793,2.67003749865378,3.746785879672946,2.9687247322931105,3.197942260184372,0.9985046128733555,3.5,4.999999999999999,0,0.0023972602739726024,4.287148804784646e-4,1.4331703604564272e-4,0.09069216061597057,0,0.9985164153279364,5.014534274811581e-7,0.0014830832186359844,0,0,10911819,0.2710306590156654,91.15676661451181,0.15171360040459284,-1627.3781309292272,2.0456811333236877,-1330.6633863116242,24.957792194423313,-2749.7743142526238,1.677251591143255
