model,parid,rho_epi,tau_epi,beta1_joint,beta2_joint,beta3_joint,beta4_joint,beta5_joint,beta6_joint,nu,gamma,sigma,theta0,alpha,mu,delta,sig_sq_epi,kappa,S_0,E_0,I_0,A_0,R_0,pop_0,rho_end,tau_end,sig_sq_end,epi_loglik,epi_loglik.se,end_loglik,end_loglik.se,full_loglik,full_loglik.se
if,135,0.5914202010676705,560.3955452567785,3.7852624883027457,2.4885019834975544,2.8456367037261034,2.75589455788435,3.3466351648745807,2.1710509967985643,0.9996476905120043,3.5,4.999999999999999,0,0.0023972602739726024,4.287148804784646e-4,1.4331703604564272e-4,0.09651775037701661,0,0.9993871129864886,6.124047923668491e-4,4.822211446764666e-7,0,0,10911819,0.8993000992027791,82.24191829763015,0.13807746232951004,-1620.5243158101425,4.620854016074589,-1339.336004653072,12.96463118627931,-2747.543215426805,3.6034736736508384
