model,parid,rho_epi,tau_epi,beta1_joint,beta2_joint,beta3_joint,beta4_joint,beta5_joint,beta6_joint,nu,gamma,sigma,theta0,alpha,mu,delta,sig_sq_epi,kappa,S_0,E_0,I_0,A_0,R_0,pop_0,rho_end,tau_end,sig_sq_end,epi_loglik,epi_loglik.se,end_loglik,end_loglik.se,full_loglik,full_loglik.se
if,375,0.07453530348672181,1233.8268432788402,15.221293407607366,1.823216895501543,11.042093263922816,3.7028437664414255,13.031764025695097,0.006131464608390054,0.9860330224809885,3.5,4.999999999999999,0,0.0023972602739726024,4.287148804784646e-4,1.4331703604564272e-4,0.13465525086252242,0,0.9984525524128419,5.30743291334689e-7,0.001546916843866837,0,0,10911819,0.02787895561005616,382.6577201312924,0.20667371666799583,-5790.907340353307,5439.607722363156,-5338.173644256995,135.9722151101171,-4608.624304739652,1160.4675363036863
