model,parid,rho_epi,tau_epi,beta1_joint,beta2_joint,beta3_joint,beta4_joint,beta5_joint,beta6_joint,nu,gamma,sigma,theta0,alpha,mu,delta,sig_sq_epi,kappa,S_0,E_0,I_0,A_0,R_0,pop_0,rho_end,tau_end,sig_sq_end,epi_loglik,epi_loglik.se,end_loglik,end_loglik.se,full_loglik,full_loglik.se
if,173,0.13457172797405204,317.18128096141174,4.443917112889326,3.315478358178199,3.5509431905015783,4.1750388757957095,3.9075227856022337,3.69006975579403,0.999374029870623,3.5,4.999999999999999,0,0.0023972602739726024,4.287148804784646e-4,1.4331703604564272e-4,0.10509734906267221,0,0.9980531282753241,5.257307382682704e-7,0.001946345993937592,0,0,10911819,0.11873964287610861,111.16238559320877,0.16747964561248116,-1670.0395273323534,0.9383370382519847,-1509.610003044427,6.100755100754015,-2803.6676340160225,2.9636390335244274
