model,parid,rho_epi,tau_epi,beta1_joint,beta2_joint,beta3_joint,beta4_joint,beta5_joint,beta6_joint,nu,gamma,sigma,theta0,alpha,mu,delta,sig_sq_epi,kappa,S_0,E_0,I_0,A_0,R_0,pop_0,rho_end,tau_end,sig_sq_end,epi_loglik,epi_loglik.se,end_loglik,end_loglik.se,full_loglik,full_loglik.se
if,58,0.09754403626648499,575.2835955923273,6.67062886752689,4.277469026533628,5.265771141557703,4.507732274925373,6.562102672112749,3.167662382952502,0.9956189184563066,3.5,4.999999999999999,0,0.0023972602739726024,4.287148804784646e-4,1.4331703604564272e-4,0.11826028453142756,0,0.9973644162905695,0.0026352809115305215,3.0279789983712207e-7,0,0,10911819,0.034888690227209425,41.836573450069494,0.15045048495122457,-1828.6960683283162,10.864152783665952,-2016.934511130636,41.066289125583104,-2951.204555966366,16.38070456812834
