model,parid,rho_epi,tau_epi,beta1_joint,beta2_joint,beta3_joint,beta4_joint,beta5_joint,beta6_joint,nu,gamma,sigma,theta0,alpha,mu,delta,sig_sq_epi,kappa,S_0,E_0,I_0,A_0,R_0,pop_0,rho_end,tau_end,sig_sq_end,epi_loglik,epi_loglik.se,end_loglik,end_loglik.se,full_loglik,full_loglik.se
if,222,0.9931343715622347,461.36412656234404,3.920824355755844,2.3492116576891684,3.1342938334874133,2.3741226057137146,3.8370964499192017,1.748859331071218,0.9984062909342637,3.5,4.999999999999999,0,0.0023972602739726024,4.287148804784646e-4,1.4331703604564272e-4,0.08790514667068204,0,0.9996692359860049,3.3046169972098693e-4,3.0231427401916667e-7,0,0,10911819,0.9948887568729351,102.32742808775828,0.11775690246724804,-1620.2523668331694,8.092341091468557,-1319.1731537052497,1.280039031932559,-2741.9830355445274,2.2201476161817495
