model,parid,rho_epi,tau_epi,beta1_joint,beta2_joint,beta3_joint,beta4_joint,beta5_joint,beta6_joint,nu,gamma,sigma,theta0,alpha,mu,delta,sig_sq_epi,kappa,S_0,E_0,I_0,A_0,R_0,pop_0,rho_end,tau_end,sig_sq_end,epi_loglik,epi_loglik.se,end_loglik,end_loglik.se,full_loglik,full_loglik.se
if,390,0.8474385791019136,350.50540800246426,2.7843913780105782,3.3277270365275258,2.334352320596311,3.3363835319514283,2.5051273890980137,3.023710338244487,0.9979221241283438,3.5,4.999999999999999,0,0.0023972602739726024,4.287148804784646e-4,1.4331703604564272e-4,0.08009416871316476,0,0.9995468047998843,4.5132750376094857e-7,4.527438726119034e-4,0,0,10911819,0.9868647886238056,81.69134154707965,0.09161421290378949,-1649.3547169343738,1.8048777887438503,-1324.2871304067369,11.978115517185826,-2773.794055545125,4.2722670988529705
