model,parid,rho_epi,tau_epi,beta1_joint,beta2_joint,beta3_joint,beta4_joint,beta5_joint,beta6_joint,nu,gamma,sigma,theta0,alpha,mu,delta,sig_sq_epi,kappa,S_0,E_0,I_0,A_0,R_0,pop_0,rho_end,tau_end,sig_sq_end,epi_loglik,epi_loglik.se,end_loglik,end_loglik.se,full_loglik,full_loglik.se
if,48,0.5283497094830365,660.1755254228557,3.565807765364063,2.6382597801266514,2.900719874080648,2.824764533844966,3.3849736765560126,2.3736635947982307,0.9998819862979337,3.5,4.999999999999999,0,0.0023972602739726024,4.287148804784646e-4,1.4331703604564272e-4,0.09059661743543904,0,0.9989005551704466,2.874580219379284e-6,0.0010965702493341372,0,0,10911819,0.5065828545550074,62.706586020880295,0.11239803266126495,-1626.2993309594858,7.882886031939117,-1341.1269146615332,15.609796895289515,-2738.477752914936,5.744902053002048
