model,parid,rho_epi,tau_epi,beta1_joint,beta2_joint,beta3_joint,beta4_joint,beta5_joint,beta6_joint,nu,gamma,sigma,theta0,alpha,mu,delta,sig_sq_epi,kappa,S_0,E_0,I_0,A_0,R_0,pop_0,rho_end,tau_end,sig_sq_end,epi_loglik,epi_loglik.se,end_loglik,end_loglik.se,full_loglik,full_loglik.se
if,26,0.08121992613479588,280.2498887642768,0.06679928071746606,16.154021031517345,0.9330317953884509,16.643529817747908,0.3210243546481018,17.644787356132486,0.9876896533705412,3.5,4.999999999999999,0,0.0023972602739726024,4.287148804784646e-4,1.4331703604564272e-4,0.18000012729858134,0,0.9969329883595112,0.0030663446180116236,6.670224772884267e-7,0,0,10911819,0.02895272873396324,307.9774677950122,0.24363872411854026,-2207.7410142763606,78.34723957591346,-3979.4732154818125,274.12846053184415,-3426.4995655085413,32.32297404271694
