model,parid,rho_epi,tau_epi,beta1_joint,beta2_joint,beta3_joint,beta4_joint,beta5_joint,beta6_joint,nu,gamma,sigma,theta0,alpha,mu,delta,sig_sq_epi,kappa,S_0,E_0,I_0,A_0,R_0,pop_0,rho_end,tau_end,sig_sq_end,epi_loglik,epi_loglik.se,end_loglik,end_loglik.se,full_loglik,full_loglik.se
if,42,0.08528483420663999,482.5108325426839,4.688295700589659,7.976133004491446,3.770302760582767,8.603612909227024,4.7899326711669366,8.31241028251141,0.9832591250786853,3.5,4.999999999999999,0,0.0023972602739726024,4.287148804784646e-4,1.4331703604564272e-4,0.1391915826763709,0,0.9978637581251901,0.002133021382089226,3.22049272059828e-6,0,0,10911819,0.027418071435120872,67.34685449232069,0.16801529484345068,-1788.6876484433906,16.595051114295302,-2086.0634970149426,190.1165784078298,-2979.1489535826536,2.9386671354403697
