model,parid,rho_epi,tau_epi,beta1_joint,beta2_joint,beta3_joint,beta4_joint,beta5_joint,beta6_joint,nu,gamma,sigma,theta0,alpha,mu,delta,sig_sq_epi,kappa,S_0,E_0,I_0,A_0,R_0,pop_0,rho_end,tau_end,sig_sq_end,epi_loglik,epi_loglik.se,end_loglik,end_loglik.se,full_loglik,full_loglik.se
if,310,0.20825641759613212,4706.895524359533,6.213989529370472,1.046287502854021,5.405603181799481,1.5711621350388802,5.754689223662292,0.6778384646878348,0.99783457179378,3.5,4.999999999999999,0,0.0023972602739726024,4.287148804784646e-4,1.4331703604564272e-4,0.09678352386629621,0,0.9985957522296197,0.0014002555162540252,3.992254126448032e-6,0,0,10911819,0.22707262871069733,171.42683665262933,0.18727293901184325,-1673.3615621866156,7.1534243253066885,-1489.1216897969205,2.3475245467242303,-2798.997903489688,14.08118222576991
