model,parid,rho_epi,tau_epi,beta1_joint,beta2_joint,beta3_joint,beta4_joint,beta5_joint,beta6_joint,nu,gamma,sigma,theta0,alpha,mu,delta,sig_sq_epi,kappa,S_0,E_0,I_0,A_0,R_0,pop_0,rho_end,tau_end,sig_sq_end,epi_loglik,epi_loglik.se,end_loglik,end_loglik.se,full_loglik,full_loglik.se
if,217,0.5623536742041033,281.9601140836766,3.931691891492558,2.6735689990859965,3.1352318011213165,3.047231275184656,3.9298703194168656,2.0872854668117053,0.9904213046366227,3.5,4.999999999999999,0,0.0023972602739726024,4.287148804784646e-4,1.4331703604564272e-4,0.07530105362208715,0,0.9991413334027471,5.692053725358987e-6,8.529745435275181e-4,0,0,10911819,0.5679693199660703,361.7761548240892,0.18181911960483038,-1629.1736270157269,1.9048363185367485,-1667.0189296603085,10.491504817539353,-2761.947512412554,0.8335131078876702
