model,parid,rho_epi,tau_epi,beta1_joint,beta2_joint,beta3_joint,beta4_joint,beta5_joint,beta6_joint,nu,gamma,sigma,theta0,alpha,mu,delta,sig_sq_epi,kappa,S_0,E_0,I_0,A_0,R_0,pop_0,rho_end,tau_end,sig_sq_end,epi_loglik,epi_loglik.se,end_loglik,end_loglik.se,full_loglik,full_loglik.se
if,419,0.5630373163555811,937.8738246324963,5.3680510042667215,1.4304842446798067,4.645377593791918,1.9631047029847166,4.683295580906195,1.4536252668559977,0.9801869881298185,3.5,4.999999999999999,0,0.0023972602739726024,4.287148804784646e-4,1.4331703604564272e-4,0.08968093949199693,0,0.9991601082792185,4.879063989998662e-7,8.39403814382356e-4,0,0,10911819,0.6750241329749843,226.22873472567662,0.16043009852378573,-1757.7795863793497,5.367031670677079,-1395.1560113108333,33.12584369610888,-2858.027705928371,32.02945652547828
