model,parid,rho_epi,tau_epi,beta1_joint,beta2_joint,beta3_joint,beta4_joint,beta5_joint,beta6_joint,nu,gamma,sigma,theta0,alpha,mu,delta,sig_sq_epi,kappa,S_0,E_0,I_0,A_0,R_0,pop_0,rho_end,tau_end,sig_sq_end,epi_loglik,epi_loglik.se,end_loglik,end_loglik.se,full_loglik,full_loglik.se
if,147,0.17509356947329305,569.5991763577729,4.967335471466604,3.6590184051575876,3.947442288328584,3.973113881700246,4.58449115781832,3.166880743096912,0.9871741468029578,3.5,4.999999999999999,0,0.0023972602739726024,4.287148804784646e-4,1.4331703604564272e-4,0.10412684702866584,0,0.9978951645304622,3.2621228618694127e-6,0.002101573346675973,0,0,10911819,0.05655520639810444,39.48081605467035,0.1490415075670176,-1627.9998017411165,1.820191119310551,-1307.0128314589983,0.407199305663567,-2774.0939376293004,0.6787729503402121
