model,parid,rho_epi,tau_epi,beta1_joint,beta2_joint,beta3_joint,beta4_joint,beta5_joint,beta6_joint,nu,gamma,sigma,theta0,alpha,mu,delta,sig_sq_epi,kappa,S_0,E_0,I_0,A_0,R_0,pop_0,rho_end,tau_end,sig_sq_end,epi_loglik,epi_loglik.se,end_loglik,end_loglik.se,full_loglik,full_loglik.se
if,211,0.26766381983077847,263.7657791515494,4.658091677345706,2.3229843218917594,3.5448787709412892,2.7579841188194085,3.937539966960844,1.9253123034811093,0.997542518202614,3.5,4.999999999999999,0,0.0023972602739726024,4.287148804784646e-4,1.4331703604564272e-4,0.08823385916489741,0,0.9989433645662217,0.0010555605623806526,1.0748713975940117e-6,0,0,10911819,0.3058067790288174,83.83688387203142,0.13800467166502434,-1634.3617359516963,0.4533813782254911,-1349.207380311831,2.82573557136516,-2760.684461923715,0.999147038726593
