model,parid,rho_epi,tau_epi,beta1_joint,beta2_joint,beta3_joint,beta4_joint,beta5_joint,beta6_joint,nu,gamma,sigma,theta0,alpha,mu,delta,sig_sq_epi,kappa,S_0,E_0,I_0,A_0,R_0,pop_0,rho_end,tau_end,sig_sq_end,epi_loglik,epi_loglik.se,end_loglik,end_loglik.se,full_loglik,full_loglik.se
if,124,0.0762504145454291,2013.1539132198313,14.073751221368259,7.4405596390707345,10.978264926696834,8.183525921467535,13.014677302507103,5.812897690739312,0.9522436042945482,3.5,4.999999999999999,0,0.0023972602739726024,4.287148804784646e-4,1.4331703604564272e-4,0.11904609039633128,0,0.996674963230244,0.003324286087267175,7.506824889373661e-7,0,0,10911819,0.02906435792214041,100.15660655019654,0.21650864026978558,-5229.074370313246,2323.874392439514,-2318.409117052291,21.056833626768135,-5008.880502721615,636.9334832427799
