model,parid,rho_epi,tau_epi,beta1_joint,beta2_joint,beta3_joint,beta4_joint,beta5_joint,beta6_joint,nu,gamma,sigma,theta0,alpha,mu,delta,sig_sq_epi,kappa,S_0,E_0,I_0,A_0,R_0,pop_0,rho_end,tau_end,sig_sq_end,epi_loglik,epi_loglik.se,end_loglik,end_loglik.se,full_loglik,full_loglik.se
if,187,0.3718950276642632,241.75554108885055,4.021903224380943,3.0590340470267448,3.109276298059909,2.9959273620313556,3.706881716096286,2.4389124309894976,0.9894504866829128,3.5,4.999999999999999,0,0.0023972602739726024,4.287148804784646e-4,1.4331703604564272e-4,0.09411081417448623,0,0.999074444482474,4.559761676118641e-6,9.209957558499274e-4,0,0,10911819,0.4525218578692281,90.12649813049252,0.15207947700953364,-1624.6361310383027,0.6002705910867328,-1282.3280469240672,0.8117638030890201,-2751.1752788209997,0.9336050201833098
