model,parid,rho_epi,tau_epi,beta1_joint,beta2_joint,beta3_joint,beta4_joint,beta5_joint,beta6_joint,nu,gamma,sigma,theta0,alpha,mu,delta,sig_sq_epi,kappa,S_0,E_0,I_0,A_0,R_0,pop_0,rho_end,tau_end,sig_sq_end,epi_loglik,epi_loglik.se,end_loglik,end_loglik.se,full_loglik,full_loglik.se
if,366,0.09891965504200491,235.1901983919026,7.1591573275522435,3.195568151260683,6.231318171408252,3.3271437328660007,6.991910865930752,2.813312701109139,0.9933371638735912,3.5,4.999999999999999,0,0.0023972602739726024,4.287148804784646e-4,1.4331703604564272e-4,0.11173405495884883,0,0.9976180328591012,1.1989449401338212e-5,0.0023699776914975768,0,0,10911819,0.0451245300562229,115.58485400259646,0.2178144697255362,-1740.0484115590577,6.9863544769156825,-1461.071803745629,2.595992393956666,-2882.5189031334044,14.276924026043343
