model,parid,rho_epi,tau_epi,beta1_joint,beta2_joint,beta3_joint,beta4_joint,beta5_joint,beta6_joint,nu,gamma,sigma,theta0,alpha,mu,delta,sig_sq_epi,kappa,S_0,E_0,I_0,A_0,R_0,pop_0,rho_end,tau_end,sig_sq_end,epi_loglik,epi_loglik.se,end_loglik,end_loglik.se,full_loglik,full_loglik.se
if,364,0.705459362576321,663.5853572027274,3.7364896124827687,3.275718038478485,2.634209663104172,3.031227405928105,3.851763895227914,2.2850884537413028,0.9904970682199067,3.5,4.999999999999999,0,0.0023972602739726024,4.287148804784646e-4,1.4331703604564272e-4,0.09930958579546409,0,0.9994606284369506,6.17120334884291e-6,5.33200359700605e-4,0,0,10911819,0.4216677080005911,103.08221938092059,0.17091822899746492,-1609.847472258893,2.6660270991402344,-1183.8375224551578,5.0578039194699915,-2744.6054771382915,2.4190447746190418
