model,parid,rho_epi,tau_epi,beta1_joint,beta2_joint,beta3_joint,beta4_joint,beta5_joint,beta6_joint,nu,gamma,sigma,theta0,alpha,mu,delta,sig_sq_epi,kappa,S_0,E_0,I_0,A_0,R_0,pop_0,rho_end,tau_end,sig_sq_end,epi_loglik,epi_loglik.se,end_loglik,end_loglik.se,full_loglik,full_loglik.se
if,113,0.550844183924557,483.44934720506313,4.091708270454403,2.243331104116044,3.311065641468963,2.475036824465543,3.829801593324737,1.8347862876854488,0.9973041837984989,3.5,4.999999999999999,0,0.0023972602739726024,4.287148804784646e-4,1.4331703604564272e-4,0.09435475918394293,0,0.998948831270449,2.4982866132710683e-7,0.0010509189008897862,0,0,10911819,0.7229158133334778,47.30563159930065,0.12968089303566782,-1616.0862197729361,0.8417200850302121,-1313.9067600442565,2.5178908482112634,-2739.3769431243995,2.8619356149711277
