model,parid,rho_epi,tau_epi,beta1_joint,beta2_joint,beta3_joint,beta4_joint,beta5_joint,beta6_joint,nu,gamma,sigma,theta0,alpha,mu,delta,sig_sq_epi,kappa,S_0,E_0,I_0,A_0,R_0,pop_0,rho_end,tau_end,sig_sq_end,epi_loglik,epi_loglik.se,end_loglik,end_loglik.se,full_loglik,full_loglik.se
if,401,0.9717532858830477,243.57317995264216,4.08797863201186,2.3794855241332766,2.9409053060252606,2.4673687560974304,3.5903645861243487,1.8034874039033573,0.998518419348286,3.5,4.999999999999999,0,0.0023972602739726024,4.287148804784646e-4,1.4331703604564272e-4,0.08000543188185417,0,0.999521096002627,2.9483818429235373e-7,4.786091591887359e-4,0,0,10911819,0.977892004994274,153.18601480222324,0.10390527839205178,-1616.3265827098353,1.3187680235641257,-1408.2203656920599,25.79502420236122,-2749.0885491760337,3.292477971192272
