model,parid,rho_epi,tau_epi,beta1_joint,beta2_joint,beta3_joint,beta4_joint,beta5_joint,beta6_joint,nu,gamma,sigma,theta0,alpha,mu,delta,sig_sq_epi,kappa,S_0,E_0,I_0,A_0,R_0,pop_0,rho_end,tau_end,sig_sq_end,epi_loglik,epi_loglik.se,end_loglik,end_loglik.se,full_loglik,full_loglik.se
if,236,0.7262348252812074,430.8873431195153,3.4390743815417264,2.9166740841404297,2.6977808320911305,3.1589227708832266,3.134213942094842,2.4937228366659827,0.9923337299086967,3.5,4.999999999999999,0,0.0023972602739726024,4.287148804784646e-4,1.4331703604564272e-4,0.10021717977001719,0,0.9995364205165723,4.627405684343093e-4,8.389149934943367e-7,0,0,10911819,0.9906527142796803,55.72444619742028,0.07951204683733268,-1636.0770462296427,1.1445673823938136,-1350.4126902116907,2.871404916330893,-2755.8285709735082,3.198152087760323
