model,parid,rho_epi,tau_epi,beta1_joint,beta2_joint,beta3_joint,beta4_joint,beta5_joint,beta6_joint,nu,gamma,sigma,theta0,alpha,mu,delta,sig_sq_epi,kappa,S_0,E_0,I_0,A_0,R_0,pop_0,rho_end,tau_end,sig_sq_end,epi_loglik,epi_loglik.se,end_loglik,end_loglik.se,full_loglik,full_loglik.se
if,380,0.48594128966659017,1828.0834896416777,3.881569943363376,2.402834918655069,3.3106657379841655,2.3119933334712104,3.9964711532844572,1.9997121000611866,0.9992197259653506,3.5,4.999999999999999,0,0.0023972602739726024,4.287148804784646e-4,1.4331703604564272e-4,0.09073723283773924,0,0.99925883197588,7.404240507291476e-4,7.439733909512944e-7,0,0,10911819,0.8152882823942517,74.03240314050069,0.12113130760685538,-1674.1599643280456,0.9246423186005331,-1432.0266751435072,2.392064251561917,-2771.268775679871,20.14767034178599
