model,parid,rho_epi,tau_epi,beta1_joint,beta2_joint,beta3_joint,beta4_joint,beta5_joint,beta6_joint,nu,gamma,sigma,theta0,alpha,mu,delta,sig_sq_epi,kappa,S_0,E_0,I_0,A_0,R_0,pop_0,rho_end,tau_end,sig_sq_end,epi_loglik,epi_loglik.se,end_loglik,end_loglik.se,full_loglik,full_loglik.se
if,339,0.6632535781236314,355.2851225864268,3.670729362704926,2.4795799275972437,2.9815935955607435,2.7186332340348502,3.4269139016390735,2.172843696089154,0.9996109089397649,3.5,4.999999999999999,0,0.0023972602739726024,4.287148804784646e-4,1.4331703604564272e-4,0.09532722518788185,0,0.9992554146122264,1.8771910640835467e-7,7.443976686671565e-4,0,0,10911819,0.8982361504626893,64.9044220060917,0.11186439568042086,-1612.1152715943622,1.8318002186888929,-1340.7567949653412,20.26367371618926,-2735.4413268239055,1.1790795248508887
