model,parid,rho_epi,tau_epi,beta1_joint,beta2_joint,beta3_joint,beta4_joint,beta5_joint,beta6_joint,nu,gamma,sigma,theta0,alpha,mu,delta,sig_sq_epi,kappa,S_0,E_0,I_0,A_0,R_0,pop_0,rho_end,tau_end,sig_sq_end,epi_loglik,epi_loglik.se,end_loglik,end_loglik.se,full_loglik,full_loglik.se
if,372,0.10658374889871909,358.2000958430881,14.331456870624626,1.7958593086380856,13.567861010324586,0.10284316683318688,15.547706691590186,0.4464050095588077,0.9376443947906887,3.5,4.999999999999999,0,0.0023972602739726024,4.287148804784646e-4,1.4331703604564272e-4,0.12308948744583766,0,0.9972240389098942,1.1882981893022053e-6,0.002774772791916572,0,0,10911819,0.036056396013166084,139.96048713973778,0.1996460299604258,-1648.9572473532753,2.333374592093903,-1448.372174052975,4.611885042007019,-2834.995454172325,0.7453487778680389
