model,parid,rho_epi,tau_epi,beta1_joint,beta2_joint,beta3_joint,beta4_joint,beta5_joint,beta6_joint,nu,gamma,sigma,theta0,alpha,mu,delta,sig_sq_epi,kappa,S_0,E_0,I_0,A_0,R_0,pop_0,rho_end,tau_end,sig_sq_end,epi_loglik,epi_loglik.se,end_loglik,end_loglik.se,full_loglik,full_loglik.se
if,253,0.11075656389815024,4847.019703871748,8.572235421330179,1.2752815776275124,7.2824563415367995,2.872287729810571,6.849079116023245,2.0180750397387444,0.9916299459556005,3.5,4.999999999999999,0,0.0023972602739726024,4.287148804784646e-4,1.4331703604564272e-4,0.11481268787450696,0,0.9977883805195963,5.123386983105468e-7,0.0022111071417053826,0,0,10911819,0.03839864649991602,70.93260857871014,0.14767082969481612,-1884.4613124861216,5.7005813209886815,-1722.4756058714813,7.551211916770635,-3011.353914927135,22.60454650641459
