model,parid,rho_epi,tau_epi,beta1_joint,beta2_joint,beta3_joint,beta4_joint,beta5_joint,beta6_joint,nu,gamma,sigma,theta0,alpha,mu,delta,sig_sq_epi,kappa,S_0,E_0,I_0,A_0,R_0,pop_0,rho_end,tau_end,sig_sq_end,epi_loglik,epi_loglik.se,end_loglik,end_loglik.se,full_loglik,full_loglik.se
if,33,0.09211062027994557,13610.45216644807,10.94448743045984,1.024617118128892,8.801001515764732,2.5748114177834918,9.798860045829823,1.2081679515283312,0.986540316201973,3.5,4.999999999999999,0,0.0023972602739726024,4.287148804784646e-4,1.4331703604564272e-4,0.1109311961719478,0,0.9975998581100342,0.0023929221029444646,7.219787021360233e-6,0,0,10911819,0.0370949815889478,76.57488879275587,0.18913923413510741,-2890.482693110853,293.02208060550856,-1751.3579315511813,6.662134168729723,-3896.3125977064756,307.9633217206068
