model,parid,rho_epi,tau_epi,beta1_joint,beta2_joint,beta3_joint,beta4_joint,beta5_joint,beta6_joint,nu,gamma,sigma,theta0,alpha,mu,delta,sig_sq_epi,kappa,S_0,E_0,I_0,A_0,R_0,pop_0,rho_end,tau_end,sig_sq_end,epi_loglik,epi_loglik.se,end_loglik,end_loglik.se,full_loglik,full_loglik.se
if,154,0.08736962030306698,521.717970704067,10.778141453800975,2.853517679652673,8.983891507906092,3.170098600063275,11.869257706335251,1.6699227384373763,0.979971480354477,3.5,4.999999999999999,0,0.0023972602739726024,4.287148804784646e-4,1.4331703604564272e-4,0.1137147515622992,0,0.997070635807918,3.7539156225519777e-7,0.002928988800519836,0,0,10911819,0.029938932942042265,75.19158241961799,0.1897630805358019,-1904.4827598010331,6.792912491615214,-2087.6755597457372,70.35040153472137,-3099.9633092343483,25.331293501747627
