model,parid,rho_epi,tau_epi,beta1_joint,beta2_joint,beta3_joint,beta4_joint,beta5_joint,beta6_joint,nu,gamma,sigma,theta0,alpha,mu,delta,sig_sq_epi,kappa,S_0,E_0,I_0,A_0,R_0,pop_0,rho_end,tau_end,sig_sq_end,epi_loglik,epi_loglik.se,end_loglik,end_loglik.se,full_loglik,full_loglik.se
if,444,0.24622167399297104,967.7675360460685,3.686364221522263,3.3741577529923816,3.0338734034007997,3.94993002784315,3.216765989292422,3.289351607510903,0.9876495452148621,3.5,4.999999999999999,0,0.0023972602739726024,4.287148804784646e-4,1.4331703604564272e-4,0.12361952129910922,0,0.9988387884540795,0.0011451279963166814,1.6083549603836927e-5,0,0,10911819,0.19921938978694376,83.00376785444881,0.16714296471372028,-1644.4901571104494,0.4935300020550544,-1252.470256093193,1.8638743004636105,-2778.583174830419,2.0201943140660217
