model,parid,rho_epi,tau_epi,beta1_joint,beta2_joint,beta3_joint,beta4_joint,beta5_joint,beta6_joint,nu,gamma,sigma,theta0,alpha,mu,delta,sig_sq_epi,kappa,S_0,E_0,I_0,A_0,R_0,pop_0,rho_end,tau_end,sig_sq_end,epi_loglik,epi_loglik.se,end_loglik,end_loglik.se,full_loglik,full_loglik.se
if,294,0.44741739031636096,1244.611191436811,5.3488427054869305,2.343407854304852,3.938880868567348,2.3832570264374646,5.024126069932804,1.1663060329382096,0.9754766523510621,3.5,4.999999999999999,0,0.0023972602739726024,4.287148804784646e-4,1.4331703604564272e-4,0.09250588824779914,0,0.9988056159080281,1.0683543218692738e-5,0.0011837005487531321,0,0,10911819,0.5878484636261646,186.39757348040987,0.1851118308300727,-1735.5860521178,10.623622056243596,-1467.0300501427487,8.078636993906523,-2904.71806542938,7.731477123818848
