model,parid,rho_epi,tau_epi,beta1_joint,beta2_joint,beta3_joint,beta4_joint,beta5_joint,beta6_joint,nu,gamma,sigma,theta0,alpha,mu,delta,sig_sq_epi,kappa,S_0,E_0,I_0,A_0,R_0,pop_0,rho_end,tau_end,sig_sq_end,epi_loglik,epi_loglik.se,end_loglik,end_loglik.se,full_loglik,full_loglik.se
if,261,0.06609819956390237,361.0646792323069,12.356099788884602,4.221881924661739,9.749066982001597,6.138172504088013,10.411863395872558,4.201722434868803,0.979614403442634,3.5,4.999999999999999,0,0.0023972602739726024,4.287148804784646e-4,1.4331703604564272e-4,0.14900759334906294,0,0.9971542032996967,0.0028444377095191158,1.358990784271605e-6,0,0,10911819,0.030705745472664712,164.6584984688001,0.20798582981155714,-2176.606684796458,5.688222113880599,-3161.1727950821705,247.4784652742507,-3225.2628502217167,103.47287866431682
