model,parid,rho_epi,tau_epi,beta1_joint,beta2_joint,beta3_joint,beta4_joint,beta5_joint,beta6_joint,nu,gamma,sigma,theta0,alpha,mu,delta,sig_sq_epi,kappa,S_0,E_0,I_0,A_0,R_0,pop_0,rho_end,tau_end,sig_sq_end,epi_loglik,epi_loglik.se,end_loglik,end_loglik.se,full_loglik,full_loglik.se
if,164,0.07956201613059811,580.9312791303942,13.551976423077276,0.004457936385511163,11.639009781718583,2.2078546607698035,11.893644590989906,0.41347732021100775,0.99491390078387,3.5,4.999999999999999,0,0.0023972602739726024,4.287148804784646e-4,1.4331703604564272e-4,0.13577196025058733,0,0.9979400232679808,4.2216768025962854e-7,0.0020595545643389665,0,0,10911819,0.024540628958445547,551.4854764409357,0.19176736143865641,-2567.8313989407898,17.25452497956485,-7935.399671848122,5.396835294838166,-3640.3801958744143,116.66840250179969
