model,parid,rho_epi,tau_epi,beta1_joint,beta2_joint,beta3_joint,beta4_joint,beta5_joint,beta6_joint,nu,gamma,sigma,theta0,alpha,mu,delta,sig_sq_epi,kappa,S_0,E_0,I_0,A_0,R_0,pop_0,rho_end,tau_end,sig_sq_end,epi_loglik,epi_loglik.se,end_loglik,end_loglik.se,full_loglik,full_loglik.se
if,93,0.06883934976020449,522.8873789134947,15.590569297817563,3.8829371314556718,13.030316411328883,2.9182637090140875,16.207580120515107,1.1171234756753532,0.97074758811322015,3.5,4.999999999999999,0,0.0023972602739726024,4.287148804784646e-4,1.4331703604564272e-4,0.14331605410821535,0,0.9972177233217038,1.0219086571420314e-5,0.002772057591724835,0,0,10911819,0.027034272089756325,75.42775779963831,0.18821483952705326,-2336.751789706717,138.4569134884425,-3140.630564432067,35.567822104733565,-3928.8936151300727,185.15683187588277
