model,parid,rho_epi,tau_epi,beta1_joint,beta2_joint,beta3_joint,beta4_joint,beta5_joint,beta6_joint,nu,gamma,sigma,theta0,alpha,mu,delta,sig_sq_epi,kappa,S_0,E_0,I_0,A_0,R_0,pop_0,rho_end,tau_end,sig_sq_end,epi_loglik,epi_loglik.se,end_loglik,end_loglik.se,full_loglik,full_loglik.se
if,307,0.07880120979637303,735.8899006539737,12.19872464081778,6.612951440429088,9.956873621951084,7.487522192253736,11.903870430352704,4.7438677014755655,0.9750629783753879,3.5,4.999999999999999,0,0.0023972602739726024,4.287148804784646e-4,1.4331703604564272e-4,0.13208967286747067,0,0.9977016979781747,9.384036126159295e-6,0.00228891798569941,0,0,10911819,0.03332058897704628,602.9752174009917,0.2566556264578693,-7014.22235668053,992.5543379330003,-2784.720195679095,221.17330640744387,-7671.877763711405,104.30269904374882
