model,parid,rho_epi,tau_epi,beta1_joint,beta2_joint,beta3_joint,beta4_joint,beta5_joint,beta6_joint,nu,gamma,sigma,theta0,alpha,mu,delta,sig_sq_epi,kappa,S_0,E_0,I_0,A_0,R_0,pop_0,rho_end,tau_end,sig_sq_end,epi_loglik,epi_loglik.se,end_loglik,end_loglik.se,full_loglik,full_loglik.se
if,317,0.08535677013284658,317.51804922070227,9.753891895626687,4.029770343443726,9.925529925467888,6.502368059374136,8.916286431101556,5.833980353597881,0.9889838443244323,3.5,4.999999999999999,0,0.0023972602739726024,4.287148804784646e-4,1.4331703604564272e-4,0.15390470120695768,0,0.9972770823761357,0.0027211411877213574,1.7764361429473723e-6,0,0,10911819,0.03055022747102178,32.8876272001833,0.18683790949798174,-2187.4449197982453,57.38337755716783,-2445.0937079272144,18.616345780075562,-3396.262932813304,2.94143182576213
