model,parid,rho_epi,tau_epi,beta1_joint,beta2_joint,beta3_joint,beta4_joint,beta5_joint,beta6_joint,nu,gamma,sigma,theta0,alpha,mu,delta,sig_sq_epi,kappa,S_0,E_0,I_0,A_0,R_0,pop_0,rho_end,tau_end,sig_sq_end,epi_loglik,epi_loglik.se,end_loglik,end_loglik.se,full_loglik,full_loglik.se
if,31,0.0981201104796902,1716.759078798559,7.1423481782582465,4.900745571589165,5.259854988035559,6.133761289463497,6.658432192646836,4.520353124045826,0.9960437121190711,3.5,4.999999999999999,0,0.0023972602739726024,4.287148804784646e-4,1.4331703604564272e-4,0.1263082936513028,0,0.9981579921332047,1.5488145102313341e-7,0.0018418529853443573,0,0,10911819,0.028736578877592598,47.965015848364516,0.18536918084260018,-2678.1743606652535,280.46776157176765,-1901.8120798502937,53.43897915795216,-3963.401708013274,354.5413924167437
