model,parid,rho_epi,tau_epi,beta1_joint,beta2_joint,beta3_joint,beta4_joint,beta5_joint,beta6_joint,nu,gamma,sigma,theta0,alpha,mu,delta,sig_sq_epi,kappa,S_0,E_0,I_0,A_0,R_0,pop_0,rho_end,tau_end,sig_sq_end,epi_loglik,epi_loglik.se,end_loglik,end_loglik.se,full_loglik,full_loglik.se
if,136,0.06969442676773313,1199.9539930769138,22.707579352054523,9.95957746648781e-4,19.46776663608954,1.276124567153728,18.860488551298936,0.033482936200244805,0.982685663179017,3.5,4.999999999999999,0,0.0023972602739726024,4.287148804784646e-4,1.4331703604564272e-4,0.1703173089152565,0,0.9970669943769052,0.0029310060375655677,1.999585529252151e-6,0,0,10911819,0.02202176558742621,306.8991663396834,0.24868379277682187,-26387.978068790766,1192.5266570432198,-6029.678579587342,279.73483577742536,-20976.916638463215,981.4036705869484
