model,parid,rho_epi,tau_epi,beta1_joint,beta2_joint,beta3_joint,beta4_joint,beta5_joint,beta6_joint,nu,gamma,sigma,theta0,alpha,mu,delta,sig_sq_epi,kappa,S_0,E_0,I_0,A_0,R_0,pop_0,rho_end,tau_end,sig_sq_end,epi_loglik,epi_loglik.se,end_loglik,end_loglik.se,full_loglik,full_loglik.se
if,326,0.09563683033406585,370.9888950025555,12.626490922646978,3.397783621156063,9.136012037938706,7.228507385070602,9.535941833668105,5.173728040854221,0.9971028775518487,3.5,4.999999999999999,0,0.0023972602739726024,4.287148804784646e-4,1.4331703604564272e-4,0.14071493341731003,0,0.9978814049864272,8.967389014269307e-7,0.0021176982746713806,0,0,10911819,0.025995923426384026,97.7451204477072,0.19342583935597146,-3159.333996749963,66.93648794283195,-3673.715792318364,32.01128048029968,-4214.414033284721,145.35598528761412
