model,parid,rho_epi,tau_epi,beta1_joint,beta2_joint,beta3_joint,beta4_joint,beta5_joint,beta6_joint,nu,gamma,sigma,theta0,alpha,mu,delta,sig_sq_epi,kappa,S_0,E_0,I_0,A_0,R_0,pop_0,rho_end,tau_end,sig_sq_end,epi_loglik,epi_loglik.se,end_loglik,end_loglik.se,full_loglik,full_loglik.se
if,74,0.2592164026768688,174.74796871548577,4.394660252792415,2.7334340357020372,3.4878172992121423,2.5704420268443284,4.442427703897749,2.0019251782704868,0.9961165218283228,3.5,4.999999999999999,0,0.0023972602739726024,4.287148804784646e-4,1.4331703604564272e-4,0.07949348978440463,0,0.9985421996825304,2.05162683353657e-6,0.0014557486906359171,0,0,10911819,0.3731419266258997,75.81193518218402,0.1643665730197066,-1629.3884693367643,0.4442293051360204,-1358.925275064418,6.731391843256073,-2758.814694301365,0.6643370406257867
