model,parid,rho_epi,tau_epi,beta1_joint,beta2_joint,beta3_joint,beta4_joint,beta5_joint,beta6_joint,nu,gamma,sigma,theta0,alpha,mu,delta,sig_sq_epi,kappa,S_0,E_0,I_0,A_0,R_0,pop_0,rho_end,tau_end,sig_sq_end,epi_loglik,epi_loglik.se,end_loglik,end_loglik.se,full_loglik,full_loglik.se
if,290,0.08042296146636643,339.6436692687328,19.995796433610955,0.46156874636259815,16.375529042780094,4.359177165938698,17.307474735850374,0.32654918905970615,0.983022666960558,3.5,4.999999999999999,0,0.0023972602739726024,4.287148804784646e-4,1.4331703604564272e-4,0.1533507239018066,0,0.9972552570728529,1.8109598116386386e-6,0.0027429319673355325,0,0,10911819,0.024927865677024468,1402.7854183141267,0.25481363562084736,-3212.8903873923005,91.24087011407636,-10341.702312326996,846.865315140057,-4219.92959331809,982.5643064905656
