model,parid,rho_epi,tau_epi,beta1_joint,beta2_joint,beta3_joint,beta4_joint,beta5_joint,beta6_joint,nu,gamma,sigma,theta0,alpha,mu,delta,sig_sq_epi,kappa,S_0,E_0,I_0,A_0,R_0,pop_0,rho_end,tau_end,sig_sq_end,epi_loglik,epi_loglik.se,end_loglik,end_loglik.se,full_loglik,full_loglik.se
if,299,0.1580472370838922,2483.0708482455766,6.102076667641339,2.0505052558765433,4.663353607967577,2.9852511975321057,5.323058258138011,1.4278211300888561,0.9923297451845133,3.5,4.999999999999999,0,0.0023972602739726024,4.287148804784646e-4,1.4331703604564272e-4,0.1068723870400773,0,0.998240383241627,0.0017585999910551598,1.0167673178960908e-6,0,0,10911819,0.11676802036761445,55.859241121313254,0.15743891032224577,-1666.0929237881244,1.4267541217285649,-1372.2643740176563,2.5561529356990342,-2800.409148047888,2.018830944179059
