model,parid,rho_epi,tau_epi,beta1_joint,beta2_joint,beta3_joint,beta4_joint,beta5_joint,beta6_joint,nu,gamma,sigma,theta0,alpha,mu,delta,sig_sq_epi,kappa,S_0,E_0,I_0,A_0,R_0,pop_0,rho_end,tau_end,sig_sq_end,epi_loglik,epi_loglik.se,end_loglik,end_loglik.se,full_loglik,full_loglik.se
if,155,0.08776406502458024,335.32986566937535,14.561687339089678,2.0409711032282267,10.95248603043859,2.1684311724678182,15.819106677529128,0.47054265464808254,0.9570472091000647,3.5,4.999999999999999,0,0.0023972602739726024,4.287148804784646e-4,1.4331703604564272e-4,0.14012659154437115,0,0.9972591548346564,1.951369106961167e-6,0.0027388937962365602,0,0,10911819,0.03024022756125351,218.40270028608714,0.1859690559715747,-1694.9859198059833,1.5657552171681102,-2204.3918215410717,89.37835125925662,-2883.59457470468,0.7403527105262337
