model,parid,rho_epi,tau_epi,beta1_joint,beta2_joint,beta3_joint,beta4_joint,beta5_joint,beta6_joint,nu,gamma,sigma,theta0,alpha,mu,delta,sig_sq_epi,kappa,S_0,E_0,I_0,A_0,R_0,pop_0,rho_end,tau_end,sig_sq_end,epi_loglik,epi_loglik.se,end_loglik,end_loglik.se,full_loglik,full_loglik.se
if,245,0.5732377083420588,318.49335725187393,3.975313089066399,2.446086619338914,3.292736903978056,2.452251474463008,3.796384999632938,2.095214536085367,0.9975234835844787,3.5,4.999999999999999,0,0.0023972602739726024,4.287148804784646e-4,1.4331703604564272e-4,0.09725199799391954,0,0.9993738156120927,6.257557446142023e-4,4.2864329302760585e-7,0,0,10911819,0.8422052562621224,99.72588404885667,0.17949782268106906,-1613.6936207530139,1.0464198174815482,-1375.0928461014255,3.5558292575246373,-2745.738108456002,0.48375997647238006
