model,parid,rho_epi,tau_epi,beta1_joint,beta2_joint,beta3_joint,beta4_joint,beta5_joint,beta6_joint,nu,gamma,sigma,theta0,alpha,mu,delta,sig_sq_epi,kappa,S_0,E_0,I_0,A_0,R_0,pop_0,rho_end,tau_end,sig_sq_end,epi_loglik,epi_loglik.se,end_loglik,end_loglik.se,full_loglik,full_loglik.se
if,323,0.5633712966723518,271.3671729959735,3.2167464910138017,3.147361151275818,2.4252335224406574,3.59116295209114,2.9364887307267855,2.8393209037385905,0.9953423738945322,3.5,4.999999999999999,0,0.0023972602739726024,4.287148804784646e-4,1.4331703604564272e-4,0.08971089235490981,0,0.9993379984780238,6.615467549922521e-4,4.5476698391297256e-7,0,0,10911819,0.6752131519365016,89.77221565892427,0.14139364230971027,-1625.3815963331335,0.453673286284886,-1360.8632703072449,15.680368335833348,-2750.499773343687,1.4179910387402723
