model,parid,rho_epi,tau_epi,beta1_joint,beta2_joint,beta3_joint,beta4_joint,beta5_joint,beta6_joint,nu,gamma,sigma,theta0,alpha,mu,delta,sig_sq_epi,kappa,S_0,E_0,I_0,A_0,R_0,pop_0,rho_end,tau_end,sig_sq_end,epi_loglik,epi_loglik.se,end_loglik,end_loglik.se,full_loglik,full_loglik.se
if,249,0.9684965051960472,372.9901616360205,2.7237327663517745,3.4369358076441023,1.697598661372284,4.030177081127064,2.1567115047183556,3.1298977393458327,0.9998692258288808,3.5,4.999999999999999,0,0.0023972602739726024,4.287148804784646e-4,1.4331703604564272e-4,0.08690499657850206,0,0.9996769970381888,3.2024284395410125e-4,2.760117857127936e-6,0,0,10911819,0.8736839688688703,48.977374926161225,0.11675861424250748,-1633.851283903903,6.4872255561049945,-1227.6658519023122,3.7368934862559353,-2762.141333434595,1.3475349920880384
