model,parid,rho_epi,tau_epi,beta1_joint,beta2_joint,beta3_joint,beta4_joint,beta5_joint,beta6_joint,nu,gamma,sigma,theta0,alpha,mu,delta,sig_sq_epi,kappa,S_0,E_0,I_0,A_0,R_0,pop_0,rho_end,tau_end,sig_sq_end,epi_loglik,epi_loglik.se,end_loglik,end_loglik.se,full_loglik,full_loglik.se
if,66,0.2481336747168318,237.85124046096954,4.5952258652639175,2.605473095075688,3.734201113384482,2.839030001672978,4.327521645465478,2.443100767591467,0.9905478669013759,3.5,4.999999999999999,0,0.0023972602739726024,4.287148804784646e-4,1.4331703604564272e-4,0.09181034011051828,0,0.9987642014017898,0.0012328020902434718,2.9965079668572544e-6,0,0,10911819,0.3066112117617693,424.34485720945537,0.16744547764499665,-1622.9089480860134,0.3880716312170597,-1872.3333914417994,34.92526688908162,-2751.2360389306923,1.5996935590271444
