model,parid,rho_epi,tau_epi,beta1_joint,beta2_joint,beta3_joint,beta4_joint,beta5_joint,beta6_joint,nu,gamma,sigma,theta0,alpha,mu,delta,sig_sq_epi,kappa,S_0,E_0,I_0,A_0,R_0,pop_0,rho_end,tau_end,sig_sq_end,epi_loglik,epi_loglik.se,end_loglik,end_loglik.se,full_loglik,full_loglik.se
if,324,0.2625041803041512,369.2147393621688,4.556789445104113,2.275644930827719,3.6585923019155104,2.501226210389094,4.202100139248991,1.8489234213962822,0.9995299546757636,3.5,4.999999999999999,0,0.0023972602739726024,4.287148804784646e-4,1.4331703604564272e-4,0.08950480690923845,0,0.9988999154357918,0.0010986548677855304,1.429696422625277e-6,0,0,10911819,0.43229586383332935,55.753205411622545,0.11612800316672163,-1628.7056087867045,0.40770597996743496,-1442.3354695288212,29.31823971340793,-2755.0315978351164,0.3949577314672341
