model,parid,rho_epi,tau_epi,beta1_joint,beta2_joint,beta3_joint,beta4_joint,beta5_joint,beta6_joint,nu,gamma,sigma,theta0,alpha,mu,delta,sig_sq_epi,kappa,S_0,E_0,I_0,A_0,R_0,pop_0,rho_end,tau_end,sig_sq_end,epi_loglik,epi_loglik.se,end_loglik,end_loglik.se,full_loglik,full_loglik.se
if,403,0.09001078729003395,413.3955973164108,10.343462205623464,1.8076414774006861,8.463731907316758,2.3149918901709525,10.045127955063778,0.5828386911124818,0.983725576085143,3.5,4.999999999999999,0,0.0023972602739726024,4.287148804784646e-4,1.4331703604564272e-4,0.1345822971479164,0,0.998077333090228,3.8798154730949346e-7,0.0019222789282248183,0,0,10911819,0.037757526013228966,50.2734226164764,0.19831486855746652,-1723.3388517724395,2.4090343019991787,-1551.5675732074656,1.5460656820170218,-2889.2643704400425,5.8706754159424985
