model,parid,rho_epi,tau_epi,beta1_joint,beta2_joint,beta3_joint,beta4_joint,beta5_joint,beta6_joint,nu,gamma,sigma,theta0,alpha,mu,delta,sig_sq_epi,kappa,S_0,E_0,I_0,A_0,R_0,pop_0,rho_end,tau_end,sig_sq_end,epi_loglik,epi_loglik.se,end_loglik,end_loglik.se,full_loglik,full_loglik.se
if,301,0.996212796721616,2053.1295576305474,4.209925393821374,2.599819416317321,2.294574752105162,3.6629117236680404,3.3589090041329266,1.8580382010110161,0.9930679458039244,3.5,4.999999999999999,0,0.0023972602739726024,4.287148804784646e-4,1.4331703604564272e-4,0.09701745276236447,0,0.999673014341942,3.164442725491389e-4,1.054138550873919e-5,0,0,10911819,0.3425513883966667,117.67559886393512,0.1389088934012613,-1689.845836755767,11.016212735384656,-1179.2001287595717,0.35329053592947995,-2884.7852561131435,19.36459427586333
