model,parid,rho_epi,tau_epi,beta1_joint,beta2_joint,beta3_joint,beta4_joint,beta5_joint,beta6_joint,nu,gamma,sigma,theta0,alpha,mu,delta,sig_sq_epi,kappa,S_0,E_0,I_0,A_0,R_0,pop_0,rho_end,tau_end,sig_sq_end,epi_loglik,epi_loglik.se,end_loglik,end_loglik.se,full_loglik,full_loglik.se
if,353,0.6912899994921873,604.5997225656575,3.388600079826607,2.970021611929886,2.590480455587181,2.987313073379076,3.163055876899922,2.451745289251527,0.9990437813650526,3.5,4.999999999999999,0,0.0023972602739726024,4.287148804784646e-4,1.4331703604564272e-4,0.07961663781951343,0,0.9995063644292835,4.7798691188718324e-4,1.564865882939216e-5,0,0,10911819,0.8000739975236627,65.87046399725625,0.11334061749962299,-1630.4890340144573,7.322321713995882,-1300.4489984947536,20.210923028661636,-2764.1278167424903,3.8881005002181213
