model,parid,rho_epi,tau_epi,beta1_joint,beta2_joint,beta3_joint,beta4_joint,beta5_joint,beta6_joint,nu,gamma,sigma,theta0,alpha,mu,delta,sig_sq_epi,kappa,S_0,E_0,I_0,A_0,R_0,pop_0,rho_end,tau_end,sig_sq_end,epi_loglik,epi_loglik.se,end_loglik,end_loglik.se,full_loglik,full_loglik.se
if,87,0.8516035995908038,2674.040281866328,3.0048441015376968,3.2390406199815764,2.7616053076977067,2.9988470713456756,2.848138245985743,3.1717517720053388,0.9932718284561436,3.5,4.999999999999999,0,0.0023972602739726024,4.287148804784646e-4,1.4331703604564272e-4,0.09611251123178305,0,0.9995231599837555,4.894963411684592e-6,4.719450528327337e-4,0,0,10911819,0.9951873357213141,68.99567193406216,0.1402612370836111,-1698.669029141196,42.9917136522479,-1224.6531345543647,14.737254395475338,-2815.785083944462,20.308674972499784
