model,parid,rho_epi,tau_epi,beta1_joint,beta2_joint,beta3_joint,beta4_joint,beta5_joint,beta6_joint,nu,gamma,sigma,theta0,alpha,mu,delta,sig_sq_epi,kappa,S_0,E_0,I_0,A_0,R_0,pop_0,rho_end,tau_end,sig_sq_end,epi_loglik,epi_loglik.se,end_loglik,end_loglik.se,full_loglik,full_loglik.se
if,183,0.251536732910363,1217.4990985155841,3.555487051933854e-8,6.865332770929129,0.019361745078964286,6.875429288131099,0.006778961163553585,6.765926200277015,0.9883495132080135,3.5,4.999999999999999,0,0.0023972602739726024,4.287148804784646e-4,1.4331703604564272e-4,0.1348109006812888,0,0.9988330231401084,0.0011503841353453885,1.6592724546203392e-5,0,0,10911819,0.17729052606301968,204.74256037046246,0.17167990385591853,-1682.5723667088207,1.021890829096567,-1320.516943323717,1.787366091482699,-2829.2571287807473,2.968278034953362
