model,parid,rho_epi,tau_epi,beta1_joint,beta2_joint,beta3_joint,beta4_joint,beta5_joint,beta6_joint,nu,gamma,sigma,theta0,alpha,mu,delta,sig_sq_epi,kappa,S_0,E_0,I_0,A_0,R_0,pop_0,rho_end,tau_end,sig_sq_end,epi_loglik,epi_loglik.se,end_loglik,end_loglik.se,full_loglik,full_loglik.se
if,56,0.9633185021434214,1111.4387037891593,3.9544053843580507,2.2838418782312924,3.0918539147506627,2.4180736546096977,3.6610387109990254,1.8177478474084674,0.9983091569723468,3.5,4.999999999999999,0,0.0023972602739726024,4.287148804784646e-4,1.4331703604564272e-4,0.09766096713578647,0,0.9994649617526074,2.419992703938492e-6,5.326182546888704e-4,0,0,10911819,0.8529780799585924,41.72998910927928,0.10940441281600029,-1649.3385876800085,1.2505881751247392,-1217.4409344034227,5.914980863443182,-2754.5356286215156,14.591985217934733
