model,parid,rho_epi,tau_epi,beta1_joint,beta2_joint,beta3_joint,beta4_joint,beta5_joint,beta6_joint,nu,gamma,sigma,theta0,alpha,mu,delta,sig_sq_epi,kappa,S_0,E_0,I_0,A_0,R_0,pop_0,rho_end,tau_end,sig_sq_end,epi_loglik,epi_loglik.se,end_loglik,end_loglik.se,full_loglik,full_loglik.se
if,116,0.341129589309111,1832.0611745106808,4.850097276467386,2.2761478960508454,3.3238282373828647,3.2272283025096242,4.157576164547422,1.7667781567160818,0.9921892974189651,3.5,4.999999999999999,0,0.0023972602739726024,4.287148804784646e-4,1.4331703604564272e-4,0.10412359286316103,0,0.9987891798020319,2.0697349625598665e-7,0.0012106132244719006,0,0,10911819,0.2312051883264779,123.34350505803089,0.16236131732142256,-1629.8845778182183,1.0375002567097287,-1245.4010592531242,1.4394307530107417,-2748.3521348664167,9.035631542064875
