model,parid,rho_epi,tau_epi,beta1_joint,beta2_joint,beta3_joint,beta4_joint,beta5_joint,beta6_joint,nu,gamma,sigma,theta0,alpha,mu,delta,sig_sq_epi,kappa,S_0,E_0,I_0,A_0,R_0,pop_0,rho_end,tau_end,sig_sq_end,epi_loglik,epi_loglik.se,end_loglik,end_loglik.se,full_loglik,full_loglik.se
if,111,0.3356899106427235,423.75236093318887,3.9552339912862706,2.7663097233300373,2.7767738256821706,3.4171983115889923,3.2353018229587867,2.4023449924220244,0.9980354697618061,3.5,4.999999999999999,0,0.0023972602739726024,4.287148804784646e-4,1.4331703604564272e-4,0.09998712405072989,0,0.9989326619836696,0.001062872869131147,4.465147199180512e-6,0,0,10911819,0.3800516810977606,29.497808637742704,0.08941016109258453,-1624.1441328278215,2.0141091985005937,-1339.4130058408603,41.513030313184565,-2755.4580937817727,0.5300417801247617
