model,parid,rho_epi,tau_epi,beta1_joint,beta2_joint,beta3_joint,beta4_joint,beta5_joint,beta6_joint,nu,gamma,sigma,theta0,alpha,mu,delta,sig_sq_epi,kappa,S_0,E_0,I_0,A_0,R_0,pop_0,rho_end,tau_end,sig_sq_end,epi_loglik,epi_loglik.se,end_loglik,end_loglik.se,full_loglik,full_loglik.se
if,432,0.998863580744958,716.9885553525356,3.699467831418132,2.9936965616818836,2.8642618599092646,3.3906469257567338,3.3324721444762164,2.3774069527908,0.9870229951678395,3.5,4.999999999999999,0,0.0023972602739726024,4.287148804784646e-4,1.4331703604564272e-4,0.09844757414841636,0,0.999432824994898,1.5572300062630553e-6,5.656177750958246e-4,0,0,10911819,0.5346052216435138,140.95912315559522,0.14430754095432452,-1633.2874338289246,1.3151709664189424,-1226.3053920668306,2.325624102848324,-2760.7129121261987,7.047544935173242
