model,parid,rho_epi,tau_epi,beta1_joint,beta2_joint,beta3_joint,beta4_joint,beta5_joint,beta6_joint,nu,gamma,sigma,theta0,alpha,mu,delta,sig_sq_epi,kappa,S_0,E_0,I_0,A_0,R_0,pop_0,rho_end,tau_end,sig_sq_end,epi_loglik,epi_loglik.se,end_loglik,end_loglik.se,full_loglik,full_loglik.se
if,174,0.07642168297529535,190.69014100296394,6.067664255032544,7.967823784313767,5.7261654342581885,9.79504359800772,4.84740443735401,9.163199560379875,0.9836076049487866,3.5,4.999999999999999,0,0.0023972602739726024,4.287148804784646e-4,1.4331703604564272e-4,0.18274067539485722,0,0.9974747218828748,3.552527604603312e-7,0.0025249228643647345,0,0,10911819,0.027692020339957574,86.4710534928326,0.23637814202498073,-1772.333989305706,1.6716697058936463,-1722.7139864688281,3.4849468430170227,-2928.7719958349817,3.6635044536478003
