model,parid,rho_epi,tau_epi,beta1_joint,beta2_joint,beta3_joint,beta4_joint,beta5_joint,beta6_joint,nu,gamma,sigma,theta0,alpha,mu,delta,sig_sq_epi,kappa,S_0,E_0,I_0,A_0,R_0,pop_0,rho_end,tau_end,sig_sq_end,epi_loglik,epi_loglik.se,end_loglik,end_loglik.se,full_loglik,full_loglik.se
if,141,0.09702192165912267,907.5827313024377,10.264101420839973,2.545264184956513,8.466743540184229,4.10331901860269,9.655824031164993,2.0151032780915026,0.9905800009536079,3.5,4.999999999999999,0,0.0023972602739726024,4.287148804784646e-4,1.4331703604564272e-4,0.12585301651989017,0,0.9975657888656781,0.0024308839323909357,3.3272019307736614e-6,0,0,10911819,0.030913329033110344,45.14319272017255,0.17763350995200922,-2577.728301915011,90.79518138724205,-2315.9148272964367,9.652871468644204,-3516.2560810245695,280.51284299716735
