model,parid,rho_epi,tau_epi,beta1_joint,beta2_joint,beta3_joint,beta4_joint,beta5_joint,beta6_joint,nu,gamma,sigma,theta0,alpha,mu,delta,sig_sq_epi,kappa,S_0,E_0,I_0,A_0,R_0,pop_0,rho_end,tau_end,sig_sq_end,epi_loglik,epi_loglik.se,end_loglik,end_loglik.se,full_loglik,full_loglik.se
if,75,0.5583228375852664,949.2555317034866,3.5842628373463428,2.7747478688538942,2.639651417096036,3.135340912954243,3.1430467506743374,2.378140506700815,0.996918008684163,3.5,4.999999999999999,0,0.0023972602739726024,4.287148804784646e-4,1.4331703604564272e-4,0.09099818119275725,0,0.9991406536621734,5.665559013008078e-5,8.02690747696477e-4,0,0,10911819,0.6111474363902921,25.607298205263046,0.08918287758125942,-1651.035114136868,4.508736294701098,-1264.742592869612,6.596714984562966,-2774.939059782695,12.400393410535454
