model,parid,rho_epi,tau_epi,beta1_joint,beta2_joint,beta3_joint,beta4_joint,beta5_joint,beta6_joint,nu,gamma,sigma,theta0,alpha,mu,delta,sig_sq_epi,kappa,S_0,E_0,I_0,A_0,R_0,pop_0,rho_end,tau_end,sig_sq_end,epi_loglik,epi_loglik.se,end_loglik,end_loglik.se,full_loglik,full_loglik.se
if,139,0.1371081967883757,395.0539724142871,6.518244721881277,2.205036516303997,5.192476674964006,2.2563877910351273,6.273170364663047,1.4673221639087033,0.9921223922645166,3.5,4.999999999999999,0,0.0023972602739726024,4.287148804784646e-4,1.4331703604564272e-4,0.09394615857930727,0,0.9981349816394488,0.0018641912550529484,8.271054982563406e-7,0,0,10911819,0.10258681295975493,62.05575940150629,0.1701163675619989,-1670.9244124279912,1.997786305664702,-1421.3998726462492,0.9077085502532986,-2809.6716055289944,3.028882224054138
