model,parid,rho_epi,tau_epi,beta1_joint,beta2_joint,beta3_joint,beta4_joint,beta5_joint,beta6_joint,nu,gamma,sigma,theta0,alpha,mu,delta,sig_sq_epi,kappa,S_0,E_0,I_0,A_0,R_0,pop_0,rho_end,tau_end,sig_sq_end,epi_loglik,epi_loglik.se,end_loglik,end_loglik.se,full_loglik,full_loglik.se
if,112,0.0855772894740394,611.3883551963247,17.277453029478554,2.1171370789120587,15.769691091436677,2.943500533007399,17.752994463673094,2.3080890026336074,0.9355627999153902,3.5,4.999999999999999,0,0.0023972602739726024,4.287148804784646e-4,1.4331703604564272e-4,0.1240376843441159,0,0.9952978505516168,2.6061917154981636e-7,0.0047018888292116885,0,0,10911819,0.03753126781012622,213.83932872633406,0.25754737543280004,-1724.1003146964438,9.69351540482769,-1676.8965797784188,36.459730069341546,-2899.111887747791,16.1445285168008
