model,parid,rho_epi,tau_epi,beta1_joint,beta2_joint,beta3_joint,beta4_joint,beta5_joint,beta6_joint,nu,gamma,sigma,theta0,alpha,mu,delta,sig_sq_epi,kappa,S_0,E_0,I_0,A_0,R_0,pop_0,rho_end,tau_end,sig_sq_end,epi_loglik,epi_loglik.se,end_loglik,end_loglik.se,full_loglik,full_loglik.se
if,38,0.17058289131583515,491.4251098322463,4.805904529412107,2.6908652557823514,3.855257618896196,3.3961007629086084,4.217782640533582,2.5467382995207157,0.9951542080438398,3.5,4.999999999999999,0,0.0023972602739726024,4.287148804784646e-4,1.4331703604564272e-4,0.10019567650013914,0,0.9983859137428768,0.001613639180068162,4.4707705504183873e-7,0,0,10911819,0.09600650051782818,30.4947785819332,0.1261112747799441,-1652.3937986592844,0.672176263579702,-1344.0528110330204,4.947499963928971,-2791.565139372488,0.5003191210873376
