model,parid,rho_epi,tau_epi,beta1_joint,beta2_joint,beta3_joint,beta4_joint,beta5_joint,beta6_joint,nu,gamma,sigma,theta0,alpha,mu,delta,sig_sq_epi,kappa,S_0,E_0,I_0,A_0,R_0,pop_0,rho_end,tau_end,sig_sq_end,epi_loglik,epi_loglik.se,end_loglik,end_loglik.se,full_loglik,full_loglik.se
if,76,0.6480989032055787,290.3773199687078,3.344491205471146,3.3236972512050658,2.2695925977137827,3.633814165645849,3.0178028866632336,2.8411768532349733,0.9903688219815792,3.5,4.999999999999999,0,0.0023972602739726024,4.287148804784646e-4,1.4331703604564272e-4,0.08281480658482497,0,0.9993144425327839,3.3925989031390285e-6,6.821648683129858e-4,0,0,10911819,0.7576802701685935,60.34672658077421,0.12494553038220983,-1624.215900572963,1.205970657913331,-1291.2621596150896,4.291315192224365,-2739.3839061195927,1.0488860211051119
