model,parid,rho_epi,tau_epi,beta1_joint,beta2_joint,beta3_joint,beta4_joint,beta5_joint,beta6_joint,nu,gamma,sigma,theta0,alpha,mu,delta,sig_sq_epi,kappa,S_0,E_0,I_0,A_0,R_0,pop_0,rho_end,tau_end,sig_sq_end,epi_loglik,epi_loglik.se,end_loglik,end_loglik.se,full_loglik,full_loglik.se
if,406,0.09043267013059715,446.80565123640724,0.025590028900779927,13.06880301238611,0.03123567161861461,12.732358295556786,1.373717399075104,12.064735279460098,0.9716166676720239,3.5,4.999999999999999,0,0.0023972602739726024,4.287148804784646e-4,1.4331703604564272e-4,0.15771196304332843,0,0.9972191925404202,0.002780143992031505,6.634675480631362e-7,0,0,10911819,0.03804418878472304,105.76346785341666,0.23644332154733325,-1731.8140638812372,5.057879574656559,-1544.5767601459397,13.315223310497368,-2898.855673028075,3.3893206836530774
