model,parid,rho_epi,tau_epi,beta1_joint,beta2_joint,beta3_joint,beta4_joint,beta5_joint,beta6_joint,nu,gamma,sigma,theta0,alpha,mu,delta,sig_sq_epi,kappa,S_0,E_0,I_0,A_0,R_0,pop_0,rho_end,tau_end,sig_sq_end,epi_loglik,epi_loglik.se,end_loglik,end_loglik.se,full_loglik,full_loglik.se
if,436,0.6666904994676912,370.71945487661276,3.0867658653055217,3.26526794146907,2.0448371034638915,3.436973038680333,2.714918428719986,2.6259093125968396,0.9997454146340975,3.5,4.999999999999999,0,0.0023972602739726024,4.287148804784646e-4,1.4331703604564272e-4,0.1018615701903323,0,0.9995594771890322,4.399690515324174e-4,5.537594354320421e-7,0,0,10911819,0.9206857902568372,61.97751704499208,0.12286289807524105,-1626.0366115246932,1.576933580186143,-1283.7506263563407,4.487892880751763,-2755.1275749768965,0.7886564434916514
