model,parid,rho_epi,tau_epi,beta1_joint,beta2_joint,beta3_joint,beta4_joint,beta5_joint,beta6_joint,nu,gamma,sigma,theta0,alpha,mu,delta,sig_sq_epi,kappa,S_0,E_0,I_0,A_0,R_0,pop_0,rho_end,tau_end,sig_sq_end,epi_loglik,epi_loglik.se,end_loglik,end_loglik.se,full_loglik,full_loglik.se
if,292,0.10379730224141105,224.66662815250143,11.06306683460936,3.0763030796680675,8.396179832050365,3.57961232223838,10.645615612725262,1.2519458569643014,0.9637653503950137,3.5,4.999999999999999,0,0.0023972602739726024,4.287148804784646e-4,1.4331703604564272e-4,0.11447197149255602,0,0.9972082651333346,0.0027913218656531033,4.130010122776996e-7,0,0,10911819,0.029874734321670697,49.25483248911661,0.17376887548139236,-1676.86448303684,1.1147501250402818,-1539.1883394243612,1.2869443566141034,-2847.1184082574164,1.5288362021360227
