model,parid,rho_epi,tau_epi,beta1_joint,beta2_joint,beta3_joint,beta4_joint,beta5_joint,beta6_joint,nu,gamma,sigma,theta0,alpha,mu,delta,sig_sq_epi,kappa,S_0,E_0,I_0,A_0,R_0,pop_0,rho_end,tau_end,sig_sq_end,epi_loglik,epi_loglik.se,end_loglik,end_loglik.se,full_loglik,full_loglik.se
if,71,0.9902042285898056,269.1782060123977,3.65913927727305,2.544662197614813,2.6097170962855265,2.918755336610308,3.230923097242474,2.118200459059699,0.9999241457404565,3.5,4.999999999999999,0,0.0023972602739726024,4.287148804784646e-4,1.4331703604564272e-4,0.10499612022309653,0,0.9996263751028732,3.7191649636261867e-4,1.7084007639678323e-6,0,0,10911819,0.7230693971778429,25.654694706557354,0.08190798153164729,-1617.5765164207714,0.3779108634117753,-1199.726931625649,15.094595525663657,-2749.9741647745773,0.770884423563465
