model,parid,rho_epi,tau_epi,beta1_joint,beta2_joint,beta3_joint,beta4_joint,beta5_joint,beta6_joint,nu,gamma,sigma,theta0,alpha,mu,delta,sig_sq_epi,kappa,S_0,E_0,I_0,A_0,R_0,pop_0,rho_end,tau_end,sig_sq_end,epi_loglik,epi_loglik.se,end_loglik,end_loglik.se,full_loglik,full_loglik.se
if,274,0.6093515489613109,1351.1410951833404,3.0432599007759675,3.704295826340233,1.7326953204509894,4.159483322272865,2.5828732413922473,3.042710961602921,0.9919907692523479,3.5,4.999999999999999,0,0.0023972602739726024,4.287148804784646e-4,1.4331703604564272e-4,0.09857309911729378,0,0.9994400181578108,5.575925222559958e-4,2.38931993301446e-6,0,0,10911819,0.6171770436642625,66.79104627893909,0.11775524778585332,-1645.578802980855,8.522303037992344,-1288.8308491003388,3.817677083195895,-2778.7621984217153,5.974148198983392
