model,parid,rho_epi,tau_epi,beta1_joint,beta2_joint,beta3_joint,beta4_joint,beta5_joint,beta6_joint,nu,gamma,sigma,theta0,alpha,mu,delta,sig_sq_epi,kappa,S_0,E_0,I_0,A_0,R_0,pop_0,rho_end,tau_end,sig_sq_end,epi_loglik,epi_loglik.se,end_loglik,end_loglik.se,full_loglik,full_loglik.se
if,114,0.8992119068113277,1826.589638122095,2.596453807258332,3.734612943733831,2.0221154395413405,3.858534774127814,2.2547933392421626,3.5340579176122855,0.9909832260477053,3.5,4.999999999999999,0,0.0023972602739726024,4.287148804784646e-4,1.4331703604564272e-4,0.09403146423453759,0,0.9994349783142138,5.926392751065125e-6,5.590952930351354e-4,0,0,10911819,0.9466434178777254,105.02756575523672,0.14968018044860054,-1721.8425284341165,20.718690863258097,-1304.0427847299907,1.464178820358888,-2772.278076153108,13.298214244616068
