model,parid,rho_epi,tau_epi,beta1_joint,beta2_joint,beta3_joint,beta4_joint,beta5_joint,beta6_joint,nu,gamma,sigma,theta0,alpha,mu,delta,sig_sq_epi,kappa,S_0,E_0,I_0,A_0,R_0,pop_0,rho_end,tau_end,sig_sq_end,epi_loglik,epi_loglik.se,end_loglik,end_loglik.se,full_loglik,full_loglik.se
if,28,0.18396745727913902,988.1504685834132,4.500058563276341,2.933478333405139,3.1519213103529906,3.518792164583635,3.8738535303878754,2.330222034988701,0.9990249467361169,3.5,4.999999999999999,0,0.0023972602739726024,4.287148804784646e-4,1.4331703604564272e-4,0.10899056454267839,0,0.997777152628461,3.546222120203961e-5,0.002187385150336938,0,0,10911819,0.152346774063206,71.40426610031483,0.1552410371376399,-1648.4740965333276,0.9619668577116115,-1326.6521813526338,5.565873819618613,-2778.0573976498563,3.5805362962108394
