model,parid,rho_epi,tau_epi,beta1_joint,beta2_joint,beta3_joint,beta4_joint,beta5_joint,beta6_joint,nu,gamma,sigma,theta0,alpha,mu,delta,sig_sq_epi,kappa,S_0,E_0,I_0,A_0,R_0,pop_0,rho_end,tau_end,sig_sq_end,epi_loglik,epi_loglik.se,end_loglik,end_loglik.se,full_loglik,full_loglik.se
if,96,0.9905988315279908,471.59465795626085,3.796905717845971,2.611719264617711,2.7928851766594605,2.6279414757624138,3.5775857294876166,1.9380116395695743,0.9961913036743671,3.5,4.999999999999999,0,0.0023972602739726024,4.287148804784646e-4,1.4331703604564272e-4,0.095957578416249,0,0.9995174311441184,6.420242949217686e-5,4.183664263895386e-4,0,0,10911819,0.7855842636962583,34.489241110934536,0.07496798074343199,-1616.6249241497003,1.140738213053334,-1250.690079107675,3.6681250641582754,-2750.991044005749,0.9276951232627201
