model,parid,rho_epi,tau_epi,beta1_joint,beta2_joint,beta3_joint,beta4_joint,beta5_joint,beta6_joint,nu,gamma,sigma,theta0,alpha,mu,delta,sig_sq_epi,kappa,S_0,E_0,I_0,A_0,R_0,pop_0,rho_end,tau_end,sig_sq_end,epi_loglik,epi_loglik.se,end_loglik,end_loglik.se,full_loglik,full_loglik.se
if,208,0.44386925377749953,933.44715521421,3.794576567589108,2.7660398846996865,2.940513104283679,3.021561607440506,3.648291302684445,2.290534711414884,0.9937287262103445,3.5,4.999999999999999,0,0.0023972602739726024,4.287148804784646e-4,1.4331703604564272e-4,0.10279364926293544,0,0.9991246009919201,1.0710849456533656e-6,8.74327923134297e-4,0,0,10911819,0.5804151318144629,56.02575036517332,0.11538665587131816,-1618.0569096278514,8.84901384490218,-1278.741136297884,16.115488621140617,-2741.6309340221705,2.110220252690319
